<?xml version="1.0" encoding="UTF-8" standalone="yes"?>
<addon id="plugin.program.kodiflixwizard" name="Kodiflix Build Wizard" version="2.0.0" provider-name="SchisM">
  <requires>
    <import addon="xbmc.python" version="2.1.0"/>
  </requires>
  <extension point="xbmc.python.pluginsource" library="default.py">
        <provides>program executable</provides>
  </extension>
  <extension point="xbmc.addon.metadata">
		<summary lang="en">Kodiflix Build Wizard</summary>
		<description lang="en">Easy Install of the Kodiflix Build and Addons</description>
		<disclaimer lang="en">Note: We are not responsible or have any influence to the content and their availability from Kodi Add-ons</disclaimer>
		<platform>all</platform>
	</extension>
</addon>
